ID;FASE;ÁREA;TAREA;DESCRIPCIÓN;ARCHIVOS_O_RECURSOS;DEPENDENCIAS;ESTADO;PRUEBA;CRITERIO_DE_ACEPTACIÓN;EVIDENCIA
LB0-001;LB-0 — Congelación y trazabilidad;Gobierno;Confirmar los Principios Inamovibles en las fuentes;Comprobar que el documento permanente está disponible como fuente separada y contiene PI-01 a PI-20.;CONTRATA_IA_PRINCIPIOS_INAMOVIBLES.md;Ninguna;COMPLETADA;Búsqueda en fuentes por título y PI-20;El documento aparece como fuente independiente y recuperable.;Referencia de fuente registrada
LB0-002;LB-0 — Congelación y trazabilidad;Baseline;Identificar el ZIP auditado;Fijar como snapshot oficial el ZIP sobre el que se realizó la auditoría maestra.;contrata-ia-main (20)(1).zip;Ninguna;COMPLETADA;Comprobar nombre y presencia del ZIP;El ZIP de baseline está identificado inequívocamente.;Nombre de baseline
LB0-003;LB-0 — Congelación y trazabilidad;Baseline;Registrar la huella SHA-256;Conservar la huella del ZIP para detectar cualquier alteración futura.;AUDITORIA_MAESTRA_Y_LINEA_BASE_CONTRATA_IA.md;LB0-002;COMPLETADA;sha256sum del ZIP;La huella coincide con bfbc11511ea6745c5a977a4e578bf1fe9529167faeb9267af8332e945b4fd8e1.;Hash documentado
LB0-004;LB-0 — Congelación y trazabilidad;Auditoría;Archivar el informe maestro;Incorporar el informe de auditoría al repositorio canónico.;docs/audit/01_AUDITORIA_MAESTRA.md;LB0-002, LB0-003;PENDIENTE;Comprobar existencia en el repositorio;El informe está versionado en docs/audit.;Commit
LB0-005;LB-0 — Congelación y trazabilidad;Auditoría;Archivar el inventario completo;Incorporar el inventario de 535 archivos a la documentación del repositorio.;docs/audit/INVENTARIO_AUDITORIA_CONTRATA_IA.csv;LB0-004;PENDIENTE;Validar CSV y número de filas;El inventario abre correctamente y conserva todos los registros.;CSV versionado
LB0-006;LB-0 — Congelación y trazabilidad;Auditoría;Archivar incidencias técnicas;Incorporar errores sintácticos, imports no resueltos, duplicidades y YAML inválidos.;"docs/audit/ERRORES_SINTAXIS_CONTRATA_IA.csv; docs/audit/IMPORTS_NO_RESUELTOS_CONTRATA_IA.csv; docs/audit/DUPLICIDADES_NOMBRE_CONTRATA_IA.csv; docs/audit/YAML_INVALIDOS_CONTRATA_IA.csv";LB0-004;PENDIENTE;Abrir y validar los cuatro CSV;Los cuatro informes son accesibles y versionados.;Commit
LB0-007;LB-0 — Congelación y trazabilidad;Gobierno;Incorporar los Principios Inamovibles al repositorio;Copiar el documento ya presente en fuentes al árbol documental del proyecto.;docs/governance/CONTRATA_IA_PRINCIPIOS_INAMOVIBLES.md;LB0-001;PENDIENTE;Comparar hash/contenido con la fuente;El repositorio contiene la misma versión 1.0.;Commit
LB0-008;LB-0 — Congelación y trazabilidad;Gobierno;Crear ADR-0001 de línea base;Registrar snapshot, alcance, riesgos, porcentaje oficial del 42 % y reglas de medición.;docs/architecture/ADR-0001-BASELINE.md;LB0-003, LB0-004, LB0-007;PENDIENTE;Revisión documental;ADR aprobado y enlazado desde el roadmap.;ADR
LB0-009;LB-0 — Congelación y trazabilidad;Gobierno;Crear el registro maestro de decisiones;Crear el índice permanente de ADRs y decisiones canónicas.;docs/03_ARCHITECTURE_DECISIONS.md;LB0-008;PENDIENTE;Comprobar índice y enlace a ADR-0001;Existe un índice único de decisiones.;Documento
LB0-010;LB-0 — Congelación y trazabilidad;Gobierno;Crear el changelog;Registrar la auditoría y el cambio desde contadores de archivos a hitos verificables.;docs/04_CHANGELOG.md;LB0-008;PENDIENTE;Revisión documental;Primera entrada fechada y trazable.;Documento
LB0-011;LB-0 — Congelación y trazabilidad;Gobierno;Incorporar el roadmap maestro;Guardar la versión aprobada del roadmap operativo LB-0 a LB-7.;"docs/02_ROADMAP_V1.md; docs/02_ROADMAP_V1.csv";LB0-007, LB0-008;PENDIENTE;Comprobar IDs, dependencias y puertas;Roadmap versionado y utilizable como tracker.;Commit
LB0-012;LB-0 — Congelación y trazabilidad;Puerta;Cerrar LB-0;Verificar que snapshot, auditoría, principios, ADR, changelog y roadmap están preservados.;docs/;LB0-001 a LB0-011;PENDIENTE;Checklist LB-0;Todos los elementos de gobierno están en el repositorio y el baseline es restaurable.;Acta de cierre LB-0
LB1-001;LB-1 — Proyecto compilable;Toolchain;Seleccionar el ZIP de trabajo;Extraer una copia de trabajo desde la baseline sin modificar el snapshot original.;worktree/contrata-ia;LB0-012;PENDIENTE;Comparar hash de la fuente;La copia es reproducible y la baseline permanece intacta.;Registro
LB1-002;LB-1 — Proyecto compilable;Toolchain;Fijar versiones de runtime;Definir versión LTS de Node.js, TypeScript y npm compatibles con el entorno objetivo.;".nvmrc; docs/technical/RUNTIME.md";LB1-001;PENDIENTE;"node --version; npm --version";Versiones explícitas y reproducibles.;Archivos versionados
LB1-003;LB-1 — Proyecto compilable;Toolchain;Crear package.json;Definir identidad del proyecto, módulos, engines, scripts y dependencias mínimas.;package.json;LB1-002;PENDIENTE;npm pkg get name;package.json válido y sin dependencias innecesarias.;Archivo
LB1-004;LB-1 — Proyecto compilable;Toolchain;Crear lockfile;Instalar dependencias y fijar versiones exactas.;package-lock.json;LB1-003;PENDIENTE;npm ci;npm ci reproduce la instalación.;Lockfile
LB1-005;LB-1 — Proyecto compilable;TypeScript;Crear tsconfig.base.json;Definir opciones compartidas: strict, noImplicitOverride, noUncheckedIndexedAccess y casing coherente.;tsconfig.base.json;LB1-003;PENDIENTE;npx tsc -p tsconfig.base.json --showConfig;Configuración válida.;Archivo
LB1-006;LB-1 — Proyecto compilable;TypeScript;Crear tsconfig.json de producción;Definir rootDir, outDir, include y exclude del código canónico inicial.;tsconfig.json;LB1-005;PENDIENTE;npm run typecheck;tsconfig carga el árbol previsto.;Archivo
LB1-007;LB-1 — Proyecto compilable;TypeScript;Crear tsconfig.tests.json;Separar configuración de pruebas de la compilación de producción.;tsconfig.tests.json;LB1-005;PENDIENTE;npx tsc -p tsconfig.tests.json --noEmit;Configuración de tests válida.;Archivo
LB1-008;LB-1 — Proyecto compilable;Scripts;Crear scripts de build y typecheck;Añadir build, clean, typecheck y rebuild.;"package.json; scripts/";LB1-003, LB1-006;PENDIENTE;"npm run typecheck; npm run build";Los scripts se ejecutan y devuelven códigos correctos.;Salida CI
LB1-009;LB-1 — Proyecto compilable;Scripts;Crear script de auditoría de imports;Automatizar la detección de imports relativos que no resuelven.;scripts/check-relative-imports.mjs;LB1-003;PENDIENTE;npm run audit:imports;Informe reproducible de imports.;CSV/console
LB1-010;LB-1 — Proyecto compilable;Scripts;Crear script de validación YAML/JSON;Validar sintaxis y esquema básico del conocimiento.;scripts/validate-knowledge.mjs;LB1-003;PENDIENTE;npm run validate:knowledge;Todos los ficheros procesados y errores identificados.;Informe
LB1-011;LB-1 — Proyecto compilable;Tests;Configurar framework de pruebas;Incorporar Vitest o alternativa equivalente con entorno Node.;"vitest.config.ts; tests/";LB1-003;PENDIENTE;npm test;Un smoke test pasa.;Resultado tests
LB1-012;LB-1 — Proyecto compilable;Entrypoint;Crear main mínimo;Crear un punto de entrada que imprima versión, inicialice configuración y cierre limpiamente.;src/main.ts;LB1-006;PENDIENTE;npm start;La aplicación arranca y termina sin excepción.;Log
LB1-013;LB-1 — Proyecto compilable;Clasificación;Clasificar los 25 archivos sintácticamente rotos;Asignar A válida reparable, B parcial, C duplicada, D obsoleta, E integrable o F archivable.;docs/audit/CLASIFICACION_ERRORES_SINTAXIS.csv;LB1-001;PENDIENTE;Revisión de los 25 archivos;Todos tienen clasificación y decisión provisional.;CSV
LB1-014;LB-1 — Proyecto compilable;Sintaxis;Resolver sintaxis de knowledge/inference/InferenceEngine.ts;"Reparar, aislar o archivar el archivo conforme a su clasificación; no concatenar bloques sin consolidación.";knowledge/inference/InferenceEngine.ts;LB1-013;PENDIENTE;npx tsc --noEmit knowledge/inference/InferenceEngine.ts;El archivo compila o queda formalmente excluido y documentado.;Commit + prueba
LB1-015;LB-1 — Proyecto compilable;Sintaxis;Resolver sintaxis de knowledge/reasoning/LegalReasoner.ts;"Reparar, aislar o archivar el archivo conforme a su clasificación; no concatenar bloques sin consolidación.";knowledge/reasoning/LegalReasoner.ts;LB1-013;PENDIENTE;npx tsc --noEmit knowledge/reasoning/LegalReasoner.ts;El archivo compila o queda formalmente excluido y documentado.;Commit + prueba
LB1-016;LB-1 — Proyecto compilable;Sintaxis;Resolver sintaxis de src/domain/cpv/CPVEngine.ts;"Reparar, aislar o archivar el archivo conforme a su clasificación; no concatenar bloques sin consolidación.";src/domain/cpv/CPVEngine.ts;LB1-013;PENDIENTE;npx tsc --noEmit src/domain/cpv/CPVEngine.ts;El archivo compila o queda formalmente excluido y documentado.;Commit + prueba
LB1-017;LB-1 — Proyecto compilable;Sintaxis;Resolver sintaxis de src/domain/conocimiento/KnowledgeEngine.ts;"Reparar, aislar o archivar el archivo conforme a su clasificación; no concatenar bloques sin consolidación.";src/domain/conocimiento/KnowledgeEngine.ts;LB1-013;PENDIENTE;npx tsc --noEmit src/domain/conocimiento/KnowledgeEngine.ts;El archivo compila o queda formalmente excluido y documentado.;Commit + prueba
LB1-018;LB-1 — Proyecto compilable;Sintaxis;Resolver sintaxis de src/domain/rules/RuleEngine.ts;"Reparar, aislar o archivar el archivo conforme a su clasificación; no concatenar bloques sin consolidación.";src/domain/rules/RuleEngine.ts;LB1-013;PENDIENTE;npx tsc --noEmit src/domain/rules/RuleEngine.ts;El archivo compila o queda formalmente excluido y documentado.;Commit + prueba
LB1-019;LB-1 — Proyecto compilable;Sintaxis;Resolver sintaxis de src/application/documents/DocumentGenerator.ts;"Reparar, aislar o archivar el archivo conforme a su clasificación; no concatenar bloques sin consolidación.";src/application/documents/DocumentGenerator.ts;LB1-013;PENDIENTE;npx tsc --noEmit src/application/documents/DocumentGenerator.ts;El archivo compila o queda formalmente excluido y documentado.;Commit + prueba
LB1-020;LB-1 — Proyecto compilable;Sintaxis;Resolver sintaxis de src/domain/legal/LegalReasoner.ts;"Reparar, aislar o archivar el archivo conforme a su clasificación; no concatenar bloques sin consolidación.";src/domain/legal/LegalReasoner.ts;LB1-013;PENDIENTE;npx tsc --noEmit src/domain/legal/LegalReasoner.ts;El archivo compila o queda formalmente excluido y documentado.;Commit + prueba
LB1-021;LB-1 — Proyecto compilable;Sintaxis;Resolver sintaxis de src/infrastructure/ai/AIManager.ts;"Reparar, aislar o archivar el archivo conforme a su clasificación; no concatenar bloques sin consolidación.";src/infrastructure/ai/AIManager.ts;LB1-013;PENDIENTE;npx tsc --noEmit src/infrastructure/ai/AIManager.ts;El archivo compila o queda formalmente excluido y documentado.;Commit + prueba
LB1-022;LB-1 — Proyecto compilable;Sintaxis;Resolver sintaxis de src/domain/events/EventBus.ts;"Reparar, aislar o archivar el archivo conforme a su clasificación; no concatenar bloques sin consolidación.";src/domain/events/EventBus.ts;LB1-013;PENDIENTE;npx tsc --noEmit src/domain/events/EventBus.ts;El archivo compila o queda formalmente excluido y documentado.;Commit + prueba
LB1-023;LB-1 — Proyecto compilable;Sintaxis;Resolver sintaxis de src/bootstrap/ArchitectureBootstrap.ts;"Reparar, aislar o archivar el archivo conforme a su clasificación; no concatenar bloques sin consolidación.";src/bootstrap/ArchitectureBootstrap.ts;LB1-013;PENDIENTE;npx tsc --noEmit src/bootstrap/ArchitectureBootstrap.ts;El archivo compila o queda formalmente excluido y documentado.;Commit + prueba
LB1-024;LB-1 — Proyecto compilable;Sintaxis;Resolver sintaxis de src/application/modules/contract-generator/ContractContext.ts;"Reparar, aislar o archivar el archivo conforme a su clasificación; no concatenar bloques sin consolidación.";src/application/modules/contract-generator/ContractContext.ts;LB1-013;PENDIENTE;npx tsc --noEmit src/application/modules/contract-generator/ContractContext.ts;El archivo compila o queda formalmente excluido y documentado.;Commit + prueba
LB1-025;LB-1 — Proyecto compilable;Sintaxis;Resolver sintaxis de src/application/modules/contract-generator/GenerationResult.ts;"Reparar, aislar o archivar el archivo conforme a su clasificación; no concatenar bloques sin consolidación.";src/application/modules/contract-generator/GenerationResult.ts;LB1-013;PENDIENTE;npx tsc --noEmit src/application/modules/contract-generator/GenerationResult.ts;El archivo compila o queda formalmente excluido y documentado.;Commit + prueba
LB1-026;LB-1 — Proyecto compilable;Sintaxis;Resolver sintaxis de src/domain/documental/DocumentAssembler.ts;"Reparar, aislar o archivar el archivo conforme a su clasificación; no concatenar bloques sin consolidación.";src/domain/documental/DocumentAssembler.ts;LB1-013;PENDIENTE;npx tsc --noEmit src/domain/documental/DocumentAssembler.ts;El archivo compila o queda formalmente excluido y documentado.;Commit + prueba
LB1-027;LB-1 — Proyecto compilable;Sintaxis;Resolver sintaxis de src/domain/rules/solvency/ClassificationRule.ts;"Reparar, aislar o archivar el archivo conforme a su clasificación; no concatenar bloques sin consolidación.";src/domain/rules/solvency/ClassificationRule.ts;LB1-013;PENDIENTE;npx tsc --noEmit src/domain/rules/solvency/ClassificationRule.ts;El archivo compila o queda formalmente excluido y documentado.;Commit + prueba
LB1-028;LB-1 — Proyecto compilable;Sintaxis;Resolver sintaxis de src/domain/plugins/PluginManager.ts;"Reparar, aislar o archivar el archivo conforme a su clasificación; no concatenar bloques sin consolidación.";src/domain/plugins/PluginManager.ts;LB1-013;PENDIENTE;npx tsc --noEmit src/domain/plugins/PluginManager.ts;El archivo compila o queda formalmente excluido y documentado.;Commit + prueba
LB1-029;LB-1 — Proyecto compilable;Sintaxis;Resolver sintaxis de src/domain/resolvers/AwardCriteriaResolver.ts;"Reparar, aislar o archivar el archivo conforme a su clasificación; no concatenar bloques sin consolidación.";src/domain/resolvers/AwardCriteriaResolver.ts;LB1-013;PENDIENTE;npx tsc --noEmit src/domain/resolvers/AwardCriteriaResolver.ts;El archivo compila o queda formalmente excluido y documentado.;Commit + prueba
LB1-030;LB-1 — Proyecto compilable;Sintaxis;Resolver sintaxis de src/domain/validation/ValidationFramework.ts;"Reparar, aislar o archivar el archivo conforme a su clasificación; no concatenar bloques sin consolidación.";src/domain/validation/ValidationFramework.ts;LB1-013;PENDIENTE;npx tsc --noEmit src/domain/validation/ValidationFramework.ts;El archivo compila o queda formalmente excluido y documentado.;Commit + prueba
LB1-031;LB-1 — Proyecto compilable;Sintaxis;Resolver los restantes archivos sintácticamente rotos;Procesar todos los registros restantes del CSV de sintaxis hasta dejar cero archivos rotos en el árbol activo.;ERRORES_SINTAXIS_CONTRATA_IA.csv;LB1-013;PENDIENTE;npm run audit:syntax;0 archivos activos con errores sintácticos.;Informe vacío
LB1-032;LB-1 — Proyecto compilable;Imports;Clasificar los imports no resueltos por familia;Agrupar framework/types, conocimiento, documental, contract-generator, resolvers, IA y workflow.;docs/audit/CLASIFICACION_IMPORTS.csv;LB1-009;PENDIENTE;Revisión de informe;Cada import tiene acción: corregir, reemplazar, archivar o excluir.;CSV
LB1-033;LB-1 — Proyecto compilable;Imports;Resolver imports de knowledge/inference;Resolver ContextResolver, RuleExecutor, LegalReasoner, ConflictResolver, RecommendationEngine, ExplanationEngine, EvidenceCollector, DecisionValidator, ConfidenceCalculator y TraceabilityManager.;"knowledge/inference/InferenceEngine.ts; knowledge/inference/";LB1-014, LB1-032;PENDIENTE;npm run audit:imports;0 imports rotos en la familia.;Informe
LB1-034;LB-1 — Proyecto compilable;Imports;Resolver imports del contract-generator;Corregir tipos comunes, CPV, ContractTypes, LegalReference, RuleEngine, InferenceEngine, LegalReasoner, ValidationEngine, WorkflowEngine, DocumentGenerator y ExportManager.;src/application/modules/contract-generator/;LB1-024, LB1-025, LB1-032;PENDIENTE;npm run typecheck;El módulo compila aisladamente.;Resultado
LB1-035;LB-1 — Proyecto compilable;Imports;Resolver imports documentales;Corregir DocumentContext, FrameworkTypes, resultados de resolvers, generadores y modelos de solicitud.;"src/domain/documental/; src/domain/document-composer/; src/documental/";LB1-019, LB1-026, LB1-032;PENDIENTE;npm run typecheck;La familia documental no contiene imports rotos.;Resultado
LB1-036;LB-1 — Proyecto compilable;Imports;Resolver imports de resolvers y reglas;Corregir imports de ContractType, CPVCode, DecisionContext, tipos de procedimiento, solvencia, garantías y criterios.;"src/domain/resolvers/; src/domain/rules/";LB1-018, LB1-027, LB1-029, LB1-032;PENDIENTE;npm run typecheck;0 imports no resueltos en resolvers/reglas.;Resultado
LB1-037;LB-1 — Proyecto compilable;Imports;Resolver imports de aplicación e integración;Corregir CostEstimator y dependencias reales de ApplicationKernel, WorkflowOrchestrator, ServiceRegistry y ApplicationContext.;"src/application/integration/; src/infrastructure/services/";LB1-032;PENDIENTE;npm run typecheck;El bootstrap de servicios compila.;Resultado
LB1-038;LB-1 — Proyecto compilable;Imports;Resolver el resto de imports relativos;Procesar el CSV completo hasta dejar cero imports relativos no resueltos en el árbol activo.;IMPORTS_NO_RESUELTOS_CONTRATA_IA.csv;LB1-033 a LB1-037;PENDIENTE;npm run audit:imports;0 referencias relativas no resueltas.;Informe vacío
LB1-039;LB-1 — Proyecto compilable;Conocimiento;Corregir 00-core.rules.yaml;Reparar la sintaxis en la zona auditada y validar que la semántica no se alteró.;knowledge/rule-engine/00-core.rules.yaml;LB1-010;PENDIENTE;npm run validate:knowledge;YAML válido y reglas contabilizadas.;Resultado
LB1-040;LB-1 — Proyecto compilable;Conocimiento;Corregir extincion.rules.yaml;Reparar estructura YAML, validar claves y conservar la intención de las reglas.;knowledge/rules/extincion.rules.yaml;LB1-010;PENDIENTE;npm run validate:knowledge;YAML válido y cargable.;Resultado
LB1-041;LB-1 — Proyecto compilable;Conocimiento;Corregir criterios.rules.yaml;Reparar estructura YAML, validar claves y conservar la intención de las reglas.;knowledge/rules/criterios.rules.yaml;LB1-010;PENDIENTE;npm run validate:knowledge;YAML válido y cargable.;Resultado
LB1-042;LB-1 — Proyecto compilable;Conocimiento;Corregir evaluacion.rules.yaml;Reparar estructura YAML, validar claves y conservar la intención de las reglas.;knowledge/rules/evaluacion.rules.yaml;LB1-010;PENDIENTE;npm run validate:knowledge;YAML válido y cargable.;Resultado
LB1-043;LB-1 — Proyecto compilable;Conocimiento;Corregir pliegos.rules.yaml;Reparar estructura YAML, validar claves y conservar la intención de las reglas.;knowledge/rules/pliegos.rules.yaml;LB1-010;PENDIENTE;npm run validate:knowledge;YAML válido y cargable.;Resultado
LB1-044;LB-1 — Proyecto compilable;Conocimiento;Corregir ejecucion.rules.yaml;Reparar estructura YAML, validar claves y conservar la intención de las reglas.;knowledge/rules/ejecucion.rules.yaml;LB1-010;PENDIENTE;npm run validate:knowledge;YAML válido y cargable.;Resultado
LB1-045;LB-1 — Proyecto compilable;Conocimiento;Corregir documentos.rules.yaml;Reparar estructura YAML, validar claves y conservar la intención de las reglas.;knowledge/rules/documentos.rules.yaml;LB1-010;PENDIENTE;npm run validate:knowledge;YAML válido y cargable.;Resultado
LB1-046;LB-1 — Proyecto compilable;Toolchain;Eliminar errores de dependencias externas;"Instalar o sustituir las dependencias realmente utilizadas; prohibido añadir librerías para código archivado.";"package.json; package-lock.json";LB1-031, LB1-038;PENDIENTE;npm ci && npm run typecheck;No faltan módulos externos en el árbol activo.;Resultado
LB1-047;LB-1 — Proyecto compilable;Entrypoint;Integrar bootstrap mínimo;Inicializar configuración, logger y una versión mínima del contenedor sin cargar motores rotos.;"src/main.ts; src/bootstrap/";LB1-012, LB1-031, LB1-038;PENDIENTE;npm start;Arranque limpio y cierre controlado.;Log
LB1-048;LB-1 — Proyecto compilable;Tests;Crear smoke tests de configuración y arranque;Comprobar que configuración, rutas temporales y bootstrap mínimo funcionan.;tests/smoke/bootstrap.test.ts;LB1-011, LB1-047;PENDIENTE;npm test;Smoke tests verdes.;Informe
LB1-049;LB-1 — Proyecto compilable;Puerta;Cerrar LB-1;Ejecutar instalación limpia, typecheck, build, tests y start.;Proyecto completo activo;LB1-001 a LB1-048;PENDIENTE;npm ci && npm run typecheck && npm run build && npm test && npm start;Todos los comandos terminan con código 0.;Acta de cierre LB-1
LB2-001;LB-2 — Arquitectura canónica;Arquitectura;Crear mapa AS-IS;Documentar módulos actuales, dependencias y familias paralelas.;docs/architecture/AS_IS_ARCHITECTURE.md;LB1-049;PENDIENTE;Revisión contra inventario;El mapa refleja el repositorio compilable.;Documento
LB2-002;LB-2 — Arquitectura canónica;Arquitectura;Diseñar arquitectura TO-BE;Definir capas UI/API/Application/Domain/Infrastructure y reglas de dependencia.;docs/architecture/ARCHITECTURE.md;LB2-001;PENDIENTE;Revisión arquitectónica;Arquitectura objetivo aprobada.;Documento
LB2-003;LB-2 — Arquitectura canónica;Gobierno;Crear plantilla ADR;Definir plantilla con problema, contexto, alternativas, decisión, impacto y migración.;docs/architecture/ADR-TEMPLATE.md;LB2-002;PENDIENTE;Revisión;Plantilla disponible.;Archivo
LB2-004;LB-2 — Arquitectura canónica;Consolidación;Seleccionar implementación canónica: Configuración;"Comparar APIs, cobertura, dependencias, pruebas potenciales y capacidad de integración; registrar la decisión y plan de migración.";"AppConfiguration.ts; ApplicationConfiguration.ts; ConfigManager.ts; ConfigurationManager.ts; Environment.ts; docs/architecture/ADR-0002-CONFIGURATION.md";LB2-002, LB2-003;PENDIENTE;Matriz comparativa + typecheck;Existe una única implementación canónica declarada y un plan para retirar alternativas.;ADR
LB2-005;LB-2 — Arquitectura canónica;Consolidación;Seleccionar implementación canónica: EventBus;"Comparar APIs, cobertura, dependencias, pruebas potenciales y capacidad de integración; registrar la decisión y plan de migración.";"src/infrastructure/events/EventBus.ts; src/domain/events/EventBus.ts; docs/architecture/ADR-0003-EVENTS.md";LB2-002, LB2-003;PENDIENTE;Matriz comparativa + typecheck;Existe una única implementación canónica declarada y un plan para retirar alternativas.;ADR
LB2-006;LB-2 — Arquitectura canónica;Consolidación;Seleccionar implementación canónica: RuleEngine;"Comparar APIs, cobertura, dependencias, pruebas potenciales y capacidad de integración; registrar la decisión y plan de migración.";"src/engines/RuleEngine.ts; src/knowledge/RuleEngine.ts; src/domain/conocimiento/RuleEngine.ts; src/domain/knowledge/RuleEngine.ts; src/domain/rules/RuleEngine.ts; docs/architecture/ADR-0004-RULE-ENGINE.md";LB2-002, LB2-003;PENDIENTE;Matriz comparativa + typecheck;Existe una única implementación canónica declarada y un plan para retirar alternativas.;ADR
LB2-007;LB-2 — Arquitectura canónica;Consolidación;Seleccionar implementación canónica: InferenceEngine;"Comparar APIs, cobertura, dependencias, pruebas potenciales y capacidad de integración; registrar la decisión y plan de migración.";"src/knowledge/InferenceEngine.ts; src/domain/conocimiento/InferenceEngine.ts; src/domain/legal/core/InferenceEngine.ts; src/domain/legal/reasoner/InferenceEngine.ts; knowledge/inference/InferenceEngine.ts; docs/architecture/ADR-0005-INFERENCE.md";LB2-002, LB2-003;PENDIENTE;Matriz comparativa + typecheck;Existe una única implementación canónica declarada y un plan para retirar alternativas.;ADR
LB2-008;LB-2 — Arquitectura canónica;Consolidación;Seleccionar implementación canónica: KnowledgeRepository;"Comparar APIs, cobertura, dependencias, pruebas potenciales y capacidad de integración; registrar la decisión y plan de migración.";"src/repositories/KnowledgeRepository.ts; src/infrastructure/persistence/KnowledgeRepository.ts; src/domain/conocimiento/KnowledgeRepository.ts; src/domain/knowledge/KnowledgeRepository.ts; docs/architecture/ADR-0006-KNOWLEDGE.md";LB2-002, LB2-003;PENDIENTE;Matriz comparativa + typecheck;Existe una única implementación canónica declarada y un plan para retirar alternativas.;ADR
LB2-009;LB-2 — Arquitectura canónica;Consolidación;Seleccionar implementación canónica: LegalReasoner;"Comparar APIs, cobertura, dependencias, pruebas potenciales y capacidad de integración; registrar la decisión y plan de migración.";"src/domain/legal/LegalReasoner.ts; src/domain/legal/core/LegalReasoner.ts; knowledge/reasoning/LegalReasoner.ts; docs/architecture/ADR-0007-LEGAL-REASONER.md";LB2-002, LB2-003;PENDIENTE;Matriz comparativa + typecheck;Existe una única implementación canónica declarada y un plan para retirar alternativas.;ADR
LB2-010;LB-2 — Arquitectura canónica;Consolidación;Seleccionar implementación canónica: DecisionEngine;"Comparar APIs, cobertura, dependencias, pruebas potenciales y capacidad de integración; registrar la decisión y plan de migración.";"src/domain/knowledge/DecisionEngine.ts; src/domain/decision/DecisionEngine.ts; src/domain/legal/core/DecisionEngine.ts; docs/architecture/ADR-0008-DECISIONS.md";LB2-002, LB2-003;PENDIENTE;Matriz comparativa + typecheck;Existe una única implementación canónica declarada y un plan para retirar alternativas.;ADR
LB2-011;LB-2 — Arquitectura canónica;Consolidación;Seleccionar implementación canónica: CPVEngine y CPVResolver;"Comparar APIs, cobertura, dependencias, pruebas potenciales y capacidad de integración; registrar la decisión y plan de migración.";"src/engines/CPVEngine.ts; src/domain/cpv/CPVEngine.ts; src/domain/resolvers/CPVResolver.ts; src/domain/legal/modules/cpv/CPVResolver.ts; docs/architecture/ADR-0009-CPV.md";LB2-002, LB2-003;PENDIENTE;Matriz comparativa + typecheck;Existe una única implementación canónica declarada y un plan para retirar alternativas.;ADR
LB2-012;LB-2 — Arquitectura canónica;Consolidación;Seleccionar implementación canónica: Solvencia;"Comparar APIs, cobertura, dependencias, pruebas potenciales y capacidad de integración; registrar la decisión y plan de migración.";"src/domain/resolvers/SolvencyResolver.ts; src/domain/rules/solvency/SolvencyResolver.ts; src/domain/legal/modules/solvencia/SolvencyResolver.ts; docs/architecture/ADR-0010-SOLVENCY.md";LB2-002, LB2-003;PENDIENTE;Matriz comparativa + typecheck;Existe una única implementación canónica declarada y un plan para retirar alternativas.;ADR
LB2-013;LB-2 — Arquitectura canónica;Consolidación;Seleccionar implementación canónica: Garantías;"Comparar APIs, cobertura, dependencias, pruebas potenciales y capacidad de integración; registrar la decisión y plan de migración.";"src/domain/resolvers/GuaranteeResolver.ts; src/domain/rules/guarantees/GuaranteeResolver.ts; src/domain/legal/modules/garantias/GuaranteeResolver.ts; docs/architecture/ADR-0011-GUARANTEES.md";LB2-002, LB2-003;PENDIENTE;Matriz comparativa + typecheck;Existe una única implementación canónica declarada y un plan para retirar alternativas.;ADR
LB2-014;LB-2 — Arquitectura canónica;Consolidación;Seleccionar implementación canónica: Procedimiento;"Comparar APIs, cobertura, dependencias, pruebas potenciales y capacidad de integración; registrar la decisión y plan de migración.";"src/domain/resolvers/ProcedureResolver.ts; src/domain/legal/modules/procedimiento/ProcedureResolver.ts; docs/architecture/ADR-0012-PROCEDURE.md";LB2-002, LB2-003;PENDIENTE;Matriz comparativa + typecheck;Existe una única implementación canónica declarada y un plan para retirar alternativas.;ADR
LB2-015;LB-2 — Arquitectura canónica;Consolidación;Seleccionar implementación canónica: Modelo de expediente;"Comparar APIs, cobertura, dependencias, pruebas potenciales y capacidad de integración; registrar la decisión y plan de migración.";"src/domain/expediente/; src/domain/value-objects/; src/domain/objeto/; docs/architecture/ADR-0013-EXPEDIENTE.md";LB2-002, LB2-003;PENDIENTE;Matriz comparativa + typecheck;Existe una única implementación canónica declarada y un plan para retirar alternativas.;ADR
LB2-016;LB-2 — Arquitectura canónica;Consolidación;Seleccionar implementación canónica: Modelo documental;"Comparar APIs, cobertura, dependencias, pruebas potenciales y capacidad de integración; registrar la decisión y plan de migración.";"src/generators/; src/domain/documental/; src/domain/document-composer/; src/documental/; docs/architecture/ADR-0014-DOCUMENTS.md";LB2-002, LB2-003;PENDIENTE;Matriz comparativa + typecheck;Existe una única implementación canónica declarada y un plan para retirar alternativas.;ADR
LB2-017;LB-2 — Arquitectura canónica;Consolidación;Seleccionar implementación canónica: Exportación;"Comparar APIs, cobertura, dependencias, pruebas potenciales y capacidad de integración; registrar la decisión y plan de migración.";"src/application/export/; exportadores previos; docs/architecture/ADR-0015-EXPORT.md";LB2-002, LB2-003;PENDIENTE;Matriz comparativa + typecheck;Existe una única implementación canónica declarada y un plan para retirar alternativas.;ADR
LB2-018;LB-2 — Arquitectura canónica;Consolidación;Seleccionar implementación canónica: IA;"Comparar APIs, cobertura, dependencias, pruebas potenciales y capacidad de integración; registrar la decisión y plan de migración.";"src/infrastructure/ai/AIManager.ts; providers; registry; health; docs/architecture/ADR-0016-AI.md";LB2-002, LB2-003;PENDIENTE;Matriz comparativa + typecheck;Existe una única implementación canónica declarada y un plan para retirar alternativas.;ADR
LB2-019;LB-2 — Arquitectura canónica;Consolidación;Seleccionar implementación canónica: Workflow;"Comparar APIs, cobertura, dependencias, pruebas potenciales y capacidad de integración; registrar la decisión y plan de migración.";"src/application/workflow/; src/application/workflows/; QuestionFlowEngine; docs/architecture/ADR-0017-WORKFLOW.md";LB2-002, LB2-003;PENDIENTE;Matriz comparativa + typecheck;Existe una única implementación canónica declarada y un plan para retirar alternativas.;ADR
LB2-020;LB-2 — Arquitectura canónica;Contratos;Definir DecisionResult común;Crear contrato de salida para decisiones con resultado, confianza, evidencia, fuente, motivación, advertencias y validación humana.;src/domain/decisions/DecisionResult.ts;LB2-006 a LB2-014;PENDIENTE;Tests de tipos;Todos los resolvers pueden devolver el contrato.;Archivo + test
LB2-021;LB-2 — Arquitectura canónica;Contratos;Definir DecisionContext común;Crear entrada normalizada con expediente, fecha de referencia, configuración y conocimiento.;src/domain/decisions/DecisionContext.ts;LB2-015, LB2-020;PENDIENTE;Tests de construcción;Contexto suficiente y sin any estructural.;Archivo + test
LB2-022;LB-2 — Arquitectura canónica;Contratos;Definir Evidence y LegalReference;Unificar la representación de fuentes, artículos, vigencia y fragmentos probatorios.;"src/domain/legal/Evidence.ts; src/domain/legal/LegalReference.ts";LB2-008, LB2-009;PENDIENTE;Tests de serialización;Las decisiones enlazan fuentes trazables.;Archivos
LB2-023;LB-2 — Arquitectura canónica;Migración;Crear carpeta archive controlada;Preparar una ubicación no compilada para alternativas retiradas temporalmente.;"archive/; tsconfig.json";LB2-004 a LB2-019;PENDIENTE;npm run typecheck;archive queda fuera del build.;Estructura
LB2-024;LB-2 — Arquitectura canónica;Migración;Migrar configuración a la implementación canónica;"Actualizar imports, bootstrap y tests; archivar alternativas.";"src/infrastructure/config/; archive/";LB2-004, LB2-023;PENDIENTE;npm run typecheck && npm test;Una sola configuración activa.;Commit
LB2-025;LB-2 — Arquitectura canónica;Migración;Migrar EventBus canónico;Actualizar publishers, handlers y store al contrato seleccionado.;"src/infrastructure/events/; src/domain/events/; archive/";LB2-005, LB2-023;PENDIENTE;Tests publish/subscribe;Un EventBus activo.;Commit
LB2-026;LB-2 — Arquitectura canónica;Migración;Migrar familia canónica de RuleEngine;"Actualizar imports y adaptadores; archivar alternativas solo después de comparar y conservar funcionalidad útil.";Rutas definidas en ADR correspondiente;LB2-006, LB2-020 a LB2-023;PENDIENTE;"npm run typecheck; tests de familia";Una sola familia activa de RuleEngine, compilable y probada.;Commit + test
LB2-027;LB-2 — Arquitectura canónica;Migración;Migrar familia canónica de InferenceEngine;"Actualizar imports y adaptadores; archivar alternativas solo después de comparar y conservar funcionalidad útil.";Rutas definidas en ADR correspondiente;LB2-007, LB2-020 a LB2-023;PENDIENTE;"npm run typecheck; tests de familia";Una sola familia activa de InferenceEngine, compilable y probada.;Commit + test
LB2-028;LB-2 — Arquitectura canónica;Migración;Migrar familia canónica de KnowledgeRepository;"Actualizar imports y adaptadores; archivar alternativas solo después de comparar y conservar funcionalidad útil.";Rutas definidas en ADR correspondiente;LB2-008, LB2-020 a LB2-023;PENDIENTE;"npm run typecheck; tests de familia";Una sola familia activa de KnowledgeRepository, compilable y probada.;Commit + test
LB2-029;LB-2 — Arquitectura canónica;Migración;Migrar familia canónica de LegalReasoner;"Actualizar imports y adaptadores; archivar alternativas solo después de comparar y conservar funcionalidad útil.";Rutas definidas en ADR correspondiente;LB2-009, LB2-020 a LB2-023;PENDIENTE;"npm run typecheck; tests de familia";Una sola familia activa de LegalReasoner, compilable y probada.;Commit + test
LB2-030;LB-2 — Arquitectura canónica;Migración;Migrar familia canónica de DecisionEngine;"Actualizar imports y adaptadores; archivar alternativas solo después de comparar y conservar funcionalidad útil.";Rutas definidas en ADR correspondiente;LB2-010, LB2-020 a LB2-023;PENDIENTE;"npm run typecheck; tests de familia";Una sola familia activa de DecisionEngine, compilable y probada.;Commit + test
LB2-031;LB-2 — Arquitectura canónica;Migración;Migrar familia canónica de CPV;"Actualizar imports y adaptadores; archivar alternativas solo después de comparar y conservar funcionalidad útil.";Rutas definidas en ADR correspondiente;LB2-011, LB2-020 a LB2-023;PENDIENTE;"npm run typecheck; tests de familia";Una sola familia activa de CPV, compilable y probada.;Commit + test
LB2-032;LB-2 — Arquitectura canónica;Migración;Migrar familia canónica de Solvencia;"Actualizar imports y adaptadores; archivar alternativas solo después de comparar y conservar funcionalidad útil.";Rutas definidas en ADR correspondiente;LB2-012, LB2-020 a LB2-023;PENDIENTE;"npm run typecheck; tests de familia";Una sola familia activa de Solvencia, compilable y probada.;Commit + test
LB2-033;LB-2 — Arquitectura canónica;Migración;Migrar familia canónica de Garantías;"Actualizar imports y adaptadores; archivar alternativas solo después de comparar y conservar funcionalidad útil.";Rutas definidas en ADR correspondiente;LB2-013, LB2-020 a LB2-023;PENDIENTE;"npm run typecheck; tests de familia";Una sola familia activa de Garantías, compilable y probada.;Commit + test
LB2-034;LB-2 — Arquitectura canónica;Migración;Migrar familia canónica de Procedimiento;"Actualizar imports y adaptadores; archivar alternativas solo después de comparar y conservar funcionalidad útil.";Rutas definidas en ADR correspondiente;LB2-014, LB2-020 a LB2-023;PENDIENTE;"npm run typecheck; tests de familia";Una sola familia activa de Procedimiento, compilable y probada.;Commit + test
LB2-035;LB-2 — Arquitectura canónica;Migración;Migrar familia canónica de Expediente;"Actualizar imports y adaptadores; archivar alternativas solo después de comparar y conservar funcionalidad útil.";Rutas definidas en ADR correspondiente;LB2-015, LB2-020 a LB2-023;PENDIENTE;"npm run typecheck; tests de familia";Una sola familia activa de Expediente, compilable y probada.;Commit + test
LB2-036;LB-2 — Arquitectura canónica;Migración;Migrar familia canónica de Documentos;"Actualizar imports y adaptadores; archivar alternativas solo después de comparar y conservar funcionalidad útil.";Rutas definidas en ADR correspondiente;LB2-016, LB2-020 a LB2-023;PENDIENTE;"npm run typecheck; tests de familia";Una sola familia activa de Documentos, compilable y probada.;Commit + test
LB2-037;LB-2 — Arquitectura canónica;Migración;Migrar familia canónica de Exportación;"Actualizar imports y adaptadores; archivar alternativas solo después de comparar y conservar funcionalidad útil.";Rutas definidas en ADR correspondiente;LB2-017, LB2-020 a LB2-023;PENDIENTE;"npm run typecheck; tests de familia";Una sola familia activa de Exportación, compilable y probada.;Commit + test
LB2-038;LB-2 — Arquitectura canónica;Migración;Migrar familia canónica de IA;"Actualizar imports y adaptadores; archivar alternativas solo después de comparar y conservar funcionalidad útil.";Rutas definidas en ADR correspondiente;LB2-018, LB2-020 a LB2-023;PENDIENTE;"npm run typecheck; tests de familia";Una sola familia activa de IA, compilable y probada.;Commit + test
LB2-039;LB-2 — Arquitectura canónica;Migración;Migrar familia canónica de Workflow;"Actualizar imports y adaptadores; archivar alternativas solo después de comparar y conservar funcionalidad útil.";Rutas definidas en ADR correspondiente;LB2-019, LB2-020 a LB2-023;PENDIENTE;"npm run typecheck; tests de familia";Una sola familia activa de Workflow, compilable y probada.;Commit + test
LB2-040;LB-2 — Arquitectura canónica;Dependencias;Eliminar ciclos arquitectónicos;Analizar el grafo y romper dependencias Domain→Infrastructure o UI→Domain directas indebidas.;src/;LB2-024 a LB2-039;PENDIENTE;dependency-cruiser o script equivalente;0 ciclos prohibidos.;Informe
LB2-041;LB-2 — Arquitectura canónica;API interna;Crear barrels canónicos;Exponer APIs públicas controladas por módulo sin colisiones de nombres.;src/**/index.ts;LB2-024 a LB2-040;PENDIENTE;npm run typecheck;Sin exportaciones ambiguas.;Commit
LB2-042;LB-2 — Arquitectura canónica;Documentación;Actualizar ARCHITECTURE.md con rutas reales;Incorporar implementaciones canónicas y dependencias permitidas.;docs/architecture/ARCHITECTURE.md;LB2-024 a LB2-041;PENDIENTE;Revisión contra imports;Mapa TO-BE coincide con código.;Documento
LB2-043;LB-2 — Arquitectura canónica;Puerta;Cerrar LB-2;Verificar ausencia de duplicidad funcional activa, build limpio y ADRs completos.;Proyecto completo;LB2-001 a LB2-042;PENDIENTE;npm run typecheck && npm run build && npm test && npm run audit:architecture;Una implementación canónica por responsabilidad y un grafo coherente.;Acta de cierre LB-2
LB3-001;LB-3 — Recorrido vertical mínimo;Caso vertical;Definir el caso de demostración;Elegir un expediente sencillo y controlado para probar el recorrido completo.;tests/fixtures/vertical-case-001.json;LB2-043;PENDIENTE;npm test o comando indicado;Caso documentado y estable.;Test/artefacto
LB3-002;LB-3 — Recorrido vertical mínimo;Expediente;Crear comando CreateExpediente;Implementar caso de uso de creación con ID y datos mínimos.;src/application/expedientes/CreateExpediente.ts;LB3-001;PENDIENTE;npm test o comando indicado;El comando crea un expediente válido.;Test/artefacto
LB3-003;LB-3 — Recorrido vertical mínimo;Persistencia;Guardar expediente;Integrar el repositorio canónico y persistir la entidad.;src/infrastructure/persistence/ExpedienteRepository.ts;LB3-002;PENDIENTE;npm test o comando indicado;El expediente existe tras reinicio del repositorio.;Test/artefacto
LB3-004;LB-3 — Recorrido vertical mínimo;Persistencia;Recuperar expediente;Implementar consulta por ID y manejo de no encontrado.;src/application/expedientes/GetExpediente.ts;LB3-003;PENDIENTE;npm test o comando indicado;La lectura reproduce los datos guardados.;Test/artefacto
LB3-005;LB-3 — Recorrido vertical mínimo;Reglas;Crear regla real de tipo de contrato;Aplicar una regla mínima sobre el objeto del caso.;knowledge/rules/vertical-case.rules.yaml;LB3-001, LB2-026;PENDIENTE;npm test o comando indicado;La regla devuelve resultado y evidencia.;Test/artefacto
LB3-006;LB-3 — Recorrido vertical mínimo;Decisiones;Persistir decisión motivada;Guardar resultado, regla, fuente, confianza y estado de validación.;src/infrastructure/persistence/DecisionRepository.ts;LB3-005, LB2-020;PENDIENTE;npm test o comando indicado;La decisión es recuperable y trazable.;Test/artefacto
LB3-007;LB-3 — Recorrido vertical mínimo;CPV;Preparar catálogo controlado del caso;Incluir candidatos suficientes para el objeto de demostración.;knowledge/cpv/vertical-case-cpv.json;LB3-001, LB2-031;PENDIENTE;npm test o comando indicado;Catálogo validado y versionado.;Test/artefacto
LB3-008;LB-3 — Recorrido vertical mínimo;CPV;Proponer CPV principal y alternativos;Ejecutar matcher/resolver canónico con puntuación y explicación.;src/application/analysis/ProposeCPV.ts;LB3-007;PENDIENTE;npm test o comando indicado;Devuelve principal, alternativas, confianza y evidencia.;Test/artefacto
LB3-009;LB-3 — Recorrido vertical mínimo;Workflow;Definir estados mínimos;CREADO, ANALISIS, PROPUESTA, PENDIENTE_VALIDACION, VALIDADO, GENERADO.;src/application/workflow/VerticalWorkflow.ts;LB2-039;PENDIENTE;npm test o comando indicado;Transiciones válidas y protegidas.;Test/artefacto
LB3-010;LB-3 — Recorrido vertical mínimo;Workflow;Ejecutar transición a análisis;Integrar expediente y decisiones con workflow.;src/application/workflow/AnalyzeExpediente.ts;LB3-004, LB3-005, LB3-008, LB3-009;PENDIENTE;npm test o comando indicado;El expediente alcanza PROPUESTA.;Test/artefacto
LB3-011;LB-3 — Recorrido vertical mínimo;Human in loop;Crear acción ValidateDecision;Permitir validar, modificar o rechazar una decisión.;src/application/decisions/ValidateDecision.ts;LB3-006, LB3-010;PENDIENTE;npm test o comando indicado;La intervención humana queda registrada.;Test/artefacto
LB3-012;LB-3 — Recorrido vertical mínimo;Documentos;Crear modelo intermedio de Memoria;Mapear expediente y decisiones a secciones documentales.;src/application/documents/BuildMemoryModel.ts;LB3-011, LB2-036;PENDIENTE;npm test o comando indicado;Modelo completo y serializable.;Test/artefacto
LB3-013;LB-3 — Recorrido vertical mínimo;Documentos;Validar modelo de Memoria;Comprobar apartados y decisiones justificadas.;src/application/documents/ValidateMemoryModel.ts;LB3-012;PENDIENTE;npm test o comando indicado;0 errores bloqueantes.;Test/artefacto
LB3-014;LB-3 — Recorrido vertical mínimo;Exportación;Exportar JSON real;Generar JSON válido desde el modelo documental.;src/application/export/JsonExporter.ts;LB3-013, LB2-037;PENDIENTE;npm test o comando indicado;JSON parseable y fiel al modelo.;Test/artefacto
LB3-015;LB-3 — Recorrido vertical mínimo;Exportación;Exportar HTML real;Renderizar HTML semántico y legible.;src/application/export/HtmlExporter.ts;LB3-013, LB2-037;PENDIENTE;npm test o comando indicado;HTML válido y visualizable.;Test/artefacto
LB3-016;LB-3 — Recorrido vertical mínimo;Auditoría;Registrar el recorrido completo;Crear eventos de creación, reglas, CPV, validación, generación y exportación.;"src/infrastructure/audit/; logs/audit";LB3-002 a LB3-015;PENDIENTE;npm test o comando indicado;La secuencia se reconstruye íntegramente.;Test/artefacto
LB3-017;LB-3 — Recorrido vertical mínimo;CLI;Crear comando demo:vertical;Ejecutar el recorrido sin interfaz gráfica.;"src/cli/vertical-demo.ts; package.json";LB3-016;PENDIENTE;npm test o comando indicado;npm run demo:vertical termina correctamente.;Test/artefacto
LB3-018;LB-3 — Recorrido vertical mínimo;Tests;Test de persistencia vertical;Probar crear, guardar y recuperar.;tests/integration/vertical-persistence.test.ts;LB3-004;PENDIENTE;npm test o comando indicado;Test verde.;Test/artefacto
LB3-019;LB-3 — Recorrido vertical mínimo;Tests;Test de decisión y CPV;Probar regla, evidencia y propuesta CPV.;tests/integration/vertical-decision-cpv.test.ts;LB3-008;PENDIENTE;npm test o comando indicado;Test verde.;Test/artefacto
LB3-020;LB-3 — Recorrido vertical mínimo;Tests;Test de workflow;Probar transiciones y validación humana.;tests/integration/vertical-workflow.test.ts;LB3-011;PENDIENTE;npm test o comando indicado;Test verde.;Test/artefacto
LB3-021;LB-3 — Recorrido vertical mínimo;Tests;Test documental;Probar modelo y validación de Memoria.;tests/integration/vertical-document.test.ts;LB3-013;PENDIENTE;npm test o comando indicado;Test verde.;Test/artefacto
LB3-022;LB-3 — Recorrido vertical mínimo;Tests;Test de exportación y auditoría;Probar JSON, HTML y traza completa.;tests/integration/vertical-export-audit.test.ts;LB3-016;PENDIENTE;npm test o comando indicado;Test verde.;Test/artefacto
LB3-023;LB-3 — Recorrido vertical mínimo;Documentación;Documentar recorrido vertical;Describir comandos, entrada, decisiones y salidas.;docs/vertical-slice/CASE-001.md;LB3-017 a LB3-022;PENDIENTE;npm test o comando indicado;Otro desarrollador puede reproducirlo.;Test/artefacto
LB3-024;LB-3 — Recorrido vertical mínimo;Puerta;Cerrar LB-3;Ejecutar el caso vertical en instalación limpia y conservar salidas.;tests/fixtures/output/vertical-case-001/;LB3-001 a LB3-023;PENDIENTE;npm ci && npm run demo:vertical && npm test;Recorrido completo reproducible sin edición manual del código.;Acta de cierre LB-3
LB4-001;LB-4 — Motor normativo mínimo viable;Alcance;Aprobar el primer caso de uso normativo;Definir tipo de contrato, rango económico, procedimiento y ámbito Junta de Andalucía.;docs/normative/MVP_SCOPE.md;LB3-024;PENDIENTE;npm run test:normative o revisión indicada;Alcance jurídico inequívoco.;Test/documento
LB4-002;LB-4 — Motor normativo mínimo viable;Fuentes;Inventariar fuentes aplicables;Enumerar LCSP, normas complementarias, instrucciones y modelos oficiales necesarios.;docs/normative/SOURCE_REGISTER.csv;LB4-001;PENDIENTE;npm run test:normative o revisión indicada;Cada fuente tiene URL/origen, fecha, vigencia y ámbito.;Test/documento
LB4-003;LB-4 — Motor normativo mínimo viable;Vigencia;Crear modelo de vigencia normativa;Representar entrada en vigor, derogación y fecha de consulta.;src/domain/legal/Validity.ts;LB4-002;PENDIENTE;npm run test:normative o revisión indicada;Puede decidir si una referencia está vigente en una fecha.;Test/documento
LB4-004;LB-4 — Motor normativo mínimo viable;Esquema;Definir esquema de regla jurídica;ID, condición, resultado, fundamento, fuente, prioridad, excepciones y versión.;knowledge/schema/legal-rule.schema.json;LB4-002;PENDIENTE;npm run test:normative o revisión indicada;Schema valida ejemplos positivos y rechaza negativos.;Test/documento
LB4-005;LB-4 — Motor normativo mínimo viable;Esquema;Definir esquema de fuente jurídica;Norma, artículo, apartado, fragmento, vigencia, jurisdicción y procedencia.;knowledge/schema/legal-source.schema.json;LB4-002, LB4-003;PENDIENTE;npm run test:normative o revisión indicada;Fuentes validables.;Test/documento
LB4-006;LB-4 — Motor normativo mínimo viable;Conocimiento;Normalizar artículos LCSP del caso;Estructurar todos los artículos necesarios para el MVP.;knowledge/lcsp/articles/;LB4-001, LB4-005;PENDIENTE;npm run test:normative o revisión indicada;Cobertura del 100 % del caso aprobado.;Test/documento
LB4-007;LB-4 — Motor normativo mínimo viable;Conocimiento;Normalizar normativa complementaria;Estructurar normas y referencias adicionales del caso.;knowledge/regulations/;LB4-002, LB4-005;PENDIENTE;npm run test:normative o revisión indicada;Fuentes completas para el MVP.;Test/documento
LB4-008;LB-4 — Motor normativo mínimo viable;CPV;Definir fuente controlada CPV;Seleccionar catálogo completo o mecanismo oficial y condiciones de actualización.;docs/normative/CPV_SOURCE.md;LB4-001;PENDIENTE;npm run test:normative o revisión indicada;Origen y licencia documentados.;Test/documento
LB4-009;LB-4 — Motor normativo mínimo viable;CPV;Importar y validar catálogo CPV;Cargar códigos, descripciones y jerarquía requeridos.;knowledge/cpv/;LB4-008;PENDIENTE;npm run test:normative o revisión indicada;Catálogo sin duplicados y consultable.;Test/documento
LB4-010;LB-4 — Motor normativo mínimo viable;CPV;Crear normalización lingüística CPV;Sinónimos, lematización y términos administrativos controlados.;knowledge/cpv/synonyms.json;LB4-009;PENDIENTE;npm run test:normative o revisión indicada;Casos de prueba recuperan candidatos esperados.;Test/documento
LB4-011;LB-4 — Motor normativo mínimo viable;Tipo contractual;Implementar reglas de tipo de contrato;Determinar tipo a partir de objeto y prestación principal.;knowledge/rules/contract-type.rules.yaml;LB4-004, LB4-006;PENDIENTE;npm run test:normative o revisión indicada;Casos positivos, negativos y mixtos pasan.;Test/documento
LB4-012;LB-4 — Motor normativo mínimo viable;Lotes;Implementar reglas de lotes;Proponer división/no división y exigir motivación.;knowledge/rules/lots.rules.yaml;LB4-004, LB4-006;PENDIENTE;npm run test:normative o revisión indicada;Resultado motivado y trazable.;Test/documento
LB4-013;LB-4 — Motor normativo mínimo viable;Procedimiento;Implementar reglas de procedimiento;Determinar procedimiento compatible con tipo, valor y circunstancias.;knowledge/rules/procedure.rules.yaml;LB4-004, LB4-006;PENDIENTE;npm run test:normative o revisión indicada;Casos límite de umbral pasan.;Test/documento
LB4-014;LB-4 — Motor normativo mínimo viable;Tramitación;Implementar reglas de tramitación;Ordinaria, urgente o emergencia cuando proceda.;knowledge/rules/processing.rules.yaml;LB4-004, LB4-006;PENDIENTE;npm run test:normative o revisión indicada;Excepciones justificadas.;Test/documento
LB4-015;LB-4 — Motor normativo mínimo viable;Regulación;Implementar regulación armonizada;Resolver sujeción y efectos.;knowledge/rules/harmonized.rules.yaml;LB4-004, LB4-006;PENDIENTE;npm run test:normative o revisión indicada;Casos de umbral pasan.;Test/documento
LB4-016;LB-4 — Motor normativo mínimo viable;Publicidad;Implementar reglas de publicidad;Perfil, plataforma y DOUE conforme al caso.;knowledge/rules/publication.rules.yaml;LB4-013, LB4-015;PENDIENTE;npm run test:normative o revisión indicada;Canales y motivación correctos.;Test/documento
LB4-017;LB-4 — Motor normativo mínimo viable;Plazos;Implementar reglas de plazos;Presentación, adjudicación y formalización.;knowledge/rules/deadlines.rules.yaml;LB4-013 a LB4-016;PENDIENTE;npm run test:normative o revisión indicada;Cálculos reproducibles.;Test/documento
LB4-018;LB-4 — Motor normativo mínimo viable;Solvencia;Implementar exigibilidad de solvencia;Resolver si se exige y qué categorías aplican.;knowledge/rules/solvency.rules.yaml;LB4-004, LB4-006;PENDIENTE;npm run test:normative o revisión indicada;Casos pasan.;Test/documento
LB4-019;LB-4 — Motor normativo mínimo viable;Solvencia;Implementar mínimos de solvencia;Generar umbrales o criterios proporcionados y justificados.;knowledge/rules/solvency-thresholds.rules.yaml;LB4-018;PENDIENTE;npm run test:normative o revisión indicada;No excede proporcionalidad configurada.;Test/documento
LB4-020;LB-4 — Motor normativo mínimo viable;Garantías;Implementar garantías;Provisional, definitiva y complementaria.;knowledge/rules/guarantees.rules.yaml;LB4-004, LB4-006;PENDIENTE;npm run test:normative o revisión indicada;Resultados motivados.;Test/documento
LB4-021;LB-4 — Motor normativo mínimo viable;Criterios;Implementar estructura de criterios;Automáticos y juicio de valor, pesos y vinculación al objeto.;knowledge/rules/award-criteria.rules.yaml;LB4-004, LB4-006;PENDIENTE;npm run test:normative o revisión indicada;Ponderaciones válidas y suma controlada.;Test/documento
LB4-022;LB-4 — Motor normativo mínimo viable;Fórmulas;Implementar validación de fórmulas;Comprobar rango, monotonicidad y ausencia de resultados absurdos.;src/domain/evaluation/FormulaValidator.ts;LB4-021;PENDIENTE;npm run test:normative o revisión indicada;Batería matemática verde.;Test/documento
LB4-023;LB-4 — Motor normativo mínimo viable;Cláusulas;Implementar cláusulas sociales;Seleccionar y motivar las aplicables al caso.;knowledge/rules/social-clauses.rules.yaml;LB4-004, LB4-006;PENDIENTE;npm run test:normative o revisión indicada;Cláusulas vinculadas y trazables.;Test/documento
LB4-024;LB-4 — Motor normativo mínimo viable;Cláusulas;Implementar cláusulas ambientales;Seleccionar y motivar las aplicables al caso.;knowledge/rules/environmental-clauses.rules.yaml;LB4-004, LB4-006;PENDIENTE;npm run test:normative o revisión indicada;Cláusulas vinculadas y trazables.;Test/documento
LB4-025;LB-4 — Motor normativo mínimo viable;Ejecución;Implementar condiciones especiales y penalidades;Resolver condiciones de ejecución, seguimiento y penalidades.;knowledge/rules/execution.rules.yaml;LB4-004, LB4-006;PENDIENTE;npm run test:normative o revisión indicada;Salida coherente con el caso.;Test/documento
LB4-026;LB-4 — Motor normativo mínimo viable;Explicación;Crear ExplanationBuilder jurídico;Componer decisión, porqué, regla, fuente, evidencia, alternativas y riesgo.;src/domain/legal/ExplanationBuilder.ts;LB4-011 a LB4-025;PENDIENTE;npm run test:normative o revisión indicada;Todas las decisiones del MVP son explicables.;Test/documento
LB4-027;LB-4 — Motor normativo mínimo viable;Conflictos;Crear resolución de reglas en conflicto;Prioridad, especificidad, vigencia y registro del conflicto.;src/domain/rules/ConflictResolver.ts;LB4-004, LB4-026;PENDIENTE;npm run test:normative o revisión indicada;Conflictos de fixture resueltos de forma determinista.;Test/documento
LB4-028;LB-4 — Motor normativo mínimo viable;Validación;Crear validador de decisión normativa;Rechazar decisiones sin fuente, vigencia o motivación.;src/domain/legal/LegalDecisionValidator.ts;LB4-026, LB4-027;PENDIENTE;npm run test:normative o revisión indicada;No se emiten decisiones incompletas.;Test/documento
LB4-029;LB-4 — Motor normativo mínimo viable;Casos;Crear fixtures positivos;Casos donde cada regla debe activar.;tests/normative/fixtures/positive/;LB4-011 a LB4-025;PENDIENTE;npm run test:normative o revisión indicada;Todos producen el resultado esperado.;Test/documento
LB4-030;LB-4 — Motor normativo mínimo viable;Casos;Crear fixtures negativos;Casos donde las reglas no deben activar.;tests/normative/fixtures/negative/;LB4-011 a LB4-025;PENDIENTE;npm run test:normative o revisión indicada;No hay falsos positivos definidos.;Test/documento
LB4-031;LB-4 — Motor normativo mínimo viable;Casos;Crear fixtures límite;Umbrales, fechas, objetos mixtos y excepciones.;tests/normative/fixtures/boundary/;LB4-011 a LB4-025;PENDIENTE;npm run test:normative o revisión indicada;Todos los límites están cubiertos.;Test/documento
LB4-032;LB-4 — Motor normativo mínimo viable;Tests;Crear suite de regresión normativa;Ejecutar fixtures y comparar decisión, regla y fuente.;tests/normative/;LB4-029 a LB4-031;PENDIENTE;npm run test:normative o revisión indicada;Suite verde y reproducible.;Test/documento
LB4-033;LB-4 — Motor normativo mínimo viable;Revisión;Realizar revisión jurídica del MVP;Contrastar reglas y motivaciones con técnico responsable.;docs/normative/MVP_LEGAL_REVIEW.md;LB4-032;PENDIENTE;npm run test:normative o revisión indicada;Observaciones resueltas o registradas.;Test/documento
LB4-034;LB-4 — Motor normativo mínimo viable;Versionado;Versionar el paquete normativo;Asignar versión, fecha y changelog de reglas.;"knowledge/VERSION.json; knowledge/CHANGELOG.md";LB4-033;PENDIENTE;npm run test:normative o revisión indicada;Paquete normativo identificable.;Test/documento
LB4-035;LB-4 — Motor normativo mínimo viable;Actualización;Definir procedimiento de actualización normativa;Fuentes, revisión, aprobación y regresión obligatoria.;docs/normative/UPDATE_PROCEDURE.md;LB4-034;PENDIENTE;npm run test:normative o revisión indicada;Procedimiento aprobado.;Test/documento
LB4-036;LB-4 — Motor normativo mínimo viable;Puerta;Cerrar LB-4;Ejecutar suite normativa y aprobar formalmente el caso MVP.;"knowledge/; tests/normative/";LB4-001 a LB4-035;PENDIENTE;npm run validate:knowledge && npm run test:normative;Batería jurídica verde y revisión técnica aprobada.;Acta de cierre LB-4
LB5-001;LB-5 — Documentos administrativos reales;Modelo;Definir DocumentModel canónico;Metadatos, secciones, tablas, anexos, referencias y validaciones.;src/domain/documents/DocumentModel.ts;LB2-036, LB4-036;PENDIENTE;npm run test:documents o revisión indicada;Modelo serializable y sin dependencia de formato.;Test/documento
LB5-002;LB-5 — Documentos administrativos reales;Modelo;Definir DocumentContext canónico;Expediente, decisiones validadas, fuentes, usuario y configuración.;src/domain/documents/DocumentContext.ts;LB5-001;PENDIENTE;npm run test:documents o revisión indicada;Contexto suficiente para todos los generadores.;Test/documento
LB5-003;LB-5 — Documentos administrativos reales;Composición;Consolidar DocumentComposer;Componer secciones y anexos sin formato específico.;src/application/documents/DocumentComposer.ts;LB5-001, LB5-002;PENDIENTE;npm run test:documents o revisión indicada;Compone fixture de ejemplo.;Test/documento
LB5-004;LB-5 — Documentos administrativos reales;Composición;Consolidar NumberingEngine;Numerar títulos, cláusulas, apartados y anexos.;src/application/documents/NumberingEngine.ts;LB5-001;PENDIENTE;npm run test:documents o revisión indicada;Numeración estable y probada.;Test/documento
LB5-005;LB-5 — Documentos administrativos reales;Composición;Consolidar TableModel;Representar tablas administrativas y celdas complejas.;src/domain/documents/TableModel.ts;LB5-001;PENDIENTE;npm run test:documents o revisión indicada;Tablas serializables.;Test/documento
LB5-006;LB-5 — Documentos administrativos reales;Plantillas;Inventariar modelos aportados;Clasificar Memoria, PCAP, PPT e informes por tipo y vigencia.;docs/documents/MODEL_REGISTER.csv;LB4-036;PENDIENTE;npm run test:documents o revisión indicada;Cada modelo tiene procedencia y uso.;Test/documento
LB5-007;LB-5 — Documentos administrativos reales;Estilo;Extraer guía corporativa;Tipografía, márgenes, encabezados, pies, numeración, tablas y símbolos.;docs/documents/STYLE_GUIDE.md;LB5-006;PENDIENTE;npm run test:documents o revisión indicada;Guía revisada contra modelos.;Test/documento
LB5-008;LB-5 — Documentos administrativos reales;Plantillas;Crear plantilla canónica de Memoria;Estructura y tokens del caso MVP.;templates/memory/;LB5-002, LB5-006, LB5-007;PENDIENTE;npm run test:documents o revisión indicada;Plantilla valida todos los apartados.;Test/documento
LB5-009;LB-5 — Documentos administrativos reales;Plantillas;Crear plantilla de Informe de Necesidad;Estructura y tokens.;templates/need-report/;LB5-002, LB5-006, LB5-007;PENDIENTE;npm run test:documents o revisión indicada;Plantilla completa.;Test/documento
LB5-010;LB-5 — Documentos administrativos reales;Plantillas;Crear plantilla de Insuficiencia de Medios;Aplicable cuando proceda y con condiciones de uso.;templates/means-insufficiency/;LB5-002, LB5-006, LB5-007;PENDIENTE;npm run test:documents o revisión indicada;Plantilla completa.;Test/documento
LB5-011;LB-5 — Documentos administrativos reales;Plantillas;Crear plantilla de Resolución de Inicio;Estructura y fundamentos.;templates/start-resolution/;LB5-002, LB5-006, LB5-007;PENDIENTE;npm run test:documents o revisión indicada;Plantilla completa.;Test/documento
LB5-012;LB-5 — Documentos administrativos reales;Plantillas;Crear plantilla PCAP MVP;Cuadro resumen, cláusulas y anexos del caso.;templates/pcap/;LB5-002, LB5-006, LB5-007;PENDIENTE;npm run test:documents o revisión indicada;Plantilla completa para el alcance.;Test/documento
LB5-013;LB-5 — Documentos administrativos reales;Plantillas;Crear plantilla PPT MVP;Objeto, alcance, prestaciones, entregables, control y aceptación.;templates/ppt/;LB5-002, LB5-006, LB5-007;PENDIENTE;npm run test:documents o revisión indicada;Plantilla completa para el alcance.;Test/documento
LB5-014;LB-5 — Documentos administrativos reales;Generación;Implementar MemoryGenerator canónico;Transformar contexto validado a DocumentModel.;src/application/documents/generators/MemoryGenerator.ts;LB5-003, LB5-008;PENDIENTE;npm run test:documents o revisión indicada;Genera modelo completo.;Test/documento
LB5-015;LB-5 — Documentos administrativos reales;Generación;Implementar NeedReportGenerator canónico;Generar informe de necesidad.;src/application/documents/generators/NeedReportGenerator.ts;LB5-003, LB5-009;PENDIENTE;npm run test:documents o revisión indicada;Genera modelo completo.;Test/documento
LB5-016;LB-5 — Documentos administrativos reales;Generación;Implementar MeansInsufficiencyGenerator;Generar o marcar no aplicable según decisión.;src/application/documents/generators/MeansInsufficiencyGenerator.ts;LB5-003, LB5-010;PENDIENTE;npm run test:documents o revisión indicada;Comportamiento condicional correcto.;Test/documento
LB5-017;LB-5 — Documentos administrativos reales;Generación;Implementar StartResolutionGenerator;Generar resolución de inicio.;src/application/documents/generators/StartResolutionGenerator.ts;LB5-003, LB5-011;PENDIENTE;npm run test:documents o revisión indicada;Genera modelo completo.;Test/documento
LB5-018;LB-5 — Documentos administrativos reales;Generación;Implementar PCAPGenerator canónico;Generar PCAP del caso MVP con decisiones y fuentes.;src/application/documents/generators/PCAPGenerator.ts;LB5-003, LB5-012;PENDIENTE;npm run test:documents o revisión indicada;Genera todos los apartados del alcance.;Test/documento
LB5-019;LB-5 — Documentos administrativos reales;Generación;Implementar PPTGenerator canónico;Generar PPT del caso MVP.;src/application/documents/generators/PPTGenerator.ts;LB5-003, LB5-013;PENDIENTE;npm run test:documents o revisión indicada;Genera todos los apartados del alcance.;Test/documento
LB5-020;LB-5 — Documentos administrativos reales;Validación;Implementar DocumentValidator canónico;Comprobar obligatorios, incoherencias, fuentes y decisiones no validadas.;src/application/documents/DocumentValidator.ts;LB5-014 a LB5-019;PENDIENTE;npm run test:documents o revisión indicada;Bloquea documentos defectuosos.;Test/documento
LB5-021;LB-5 — Documentos administrativos reales;Exportación;Seleccionar librería DOCX;Evaluar docx u otra alternativa compatible con entorno y licencia.;docs/architecture/ADR-0018-DOCX.md;LB5-007;PENDIENTE;npm run test:documents o revisión indicada;Decisión registrada.;Test/documento
LB5-022;LB-5 — Documentos administrativos reales;Exportación;Implementar DOCX real;Renderizar DocumentModel a Word editable.;src/infrastructure/export/DocxExporter.ts;LB5-020, LB5-021;PENDIENTE;npm run test:documents o revisión indicada;Fichero abre en Word/LibreOffice y es editable.;Test/documento
LB5-023;LB-5 — Documentos administrativos reales;Exportación;Validar estructura interna DOCX;Comprobar ZIP OOXML, document.xml y relaciones.;tests/export/docx-structure.test.ts;LB5-022;PENDIENTE;npm run test:documents o revisión indicada;DOCX técnicamente válido.;Test/documento
LB5-024;LB-5 — Documentos administrativos reales;Exportación;Seleccionar estrategia PDF;Definir conversión reproducible desde DOCX/HTML o generador PDF.;docs/architecture/ADR-0019-PDF.md;LB5-021;PENDIENTE;npm run test:documents o revisión indicada;Decisión registrada.;Test/documento
LB5-025;LB-5 — Documentos administrativos reales;Exportación;Implementar PDF real;Generar PDF válido desde fuente documental aprobada.;src/infrastructure/export/PdfExporter.ts;LB5-024;PENDIENTE;npm run test:documents o revisión indicada;PDF abre, pagina y contiene texto seleccionable.;Test/documento
LB5-026;LB-5 — Documentos administrativos reales;Exportación;Implementar ZIP real;Empaquetar documentos y manifiesto.;src/infrastructure/export/ZipExporter.ts;LB5-022, LB5-025;PENDIENTE;npm run test:documents o revisión indicada;ZIP válido y extraíble.;Test/documento
LB5-027;LB-5 — Documentos administrativos reales;Integridad;Generar manifiesto y checksums;Registrar ruta, tamaño, versión y SHA-256.;src/infrastructure/export/ManifestGenerator.ts;LB5-026;PENDIENTE;npm run test:documents o revisión indicada;Manifest reproduce los archivos.;Test/documento
LB5-028;LB-5 — Documentos administrativos reales;Comparación;Crear checklist visual contra modelos;Comparar tipografía, márgenes, encabezados, pies, tablas y numeración.;tests/golden/documents/;LB5-022, LB5-025;PENDIENTE;npm run test:documents o revisión indicada;Checklist aprobado para cada documento.;Test/documento
LB5-029;LB-5 — Documentos administrativos reales;Golden tests;Crear documentos de referencia;Conservar salidas aceptadas del caso MVP.;tests/golden/documents/approved/;LB5-028;PENDIENTE;npm run test:documents o revisión indicada;Comparación automatizable.;Test/documento
LB5-030;LB-5 — Documentos administrativos reales;Auditoría;Registrar versión documental y fuentes;Cada documento debe señalar versión del expediente, reglas y plantilla.;src/domain/documents/DocumentMetadata.ts;LB5-014 a LB5-027;PENDIENTE;npm run test:documents o revisión indicada;Metadatos completos.;Test/documento
LB5-031;LB-5 — Documentos administrativos reales;Manual;Documentar generación y exportación;Explicar plantillas, validación y resolución de errores.;docs/documents/GENERATION_GUIDE.md;LB5-030;PENDIENTE;npm run test:documents o revisión indicada;Guía reproducible.;Test/documento
LB5-032;LB-5 — Documentos administrativos reales;Puerta;Cerrar LB-5;Generar Memoria, informes, PCAP y PPT reales en DOCX y PDF para el MVP.;tests/golden/documents/output/;LB5-001 a LB5-031;PENDIENTE;npm run test:documents && npm run generate:mvp-documents;Documentos editables y comparables con los modelos, revisión aprobada.;Acta de cierre LB-5
LB6-001;LB-6 — API, interfaz, IA integrada y exportación operativa;Backend;Seleccionar framework HTTP;Comparar Fastify/Express u opción equivalente y registrar ADR.;docs/architecture/ADR-0020-HTTP.md;LB3-024;PENDIENTE;npm test / npm run e2e / revisión indicada;Framework compatible y mantenible.;Test/documento
LB6-002;LB-6 — API, interfaz, IA integrada y exportación operativa;Backend;Crear servidor y configuración;Servidor, health endpoint, CORS controlado y apagado limpio.;"src/api/server.ts; src/api/app.ts";LB6-001, LB1-049;PENDIENTE;npm test / npm run e2e / revisión indicada;GET /health responde.;Test/documento
LB6-003;LB-6 — API, interfaz, IA integrada y exportación operativa;Backend;Definir DTOs y validación;DTOs de expediente, decisiones, generación y exportación.;src/api/dto/;LB2-035, LB2-020;PENDIENTE;npm test / npm run e2e / revisión indicada;Entradas inválidas se rechazan.;Test/documento
LB6-004;LB-6 — API, interfaz, IA integrada y exportación operativa;Backend;POST /expedientes;Crear expediente.;src/api/routes/expedientes.ts;LB6-002, LB6-003, LB3-002;PENDIENTE;npm test / npm run e2e / revisión indicada;201 y entidad persistida.;Test/documento
LB6-005;LB-6 — API, interfaz, IA integrada y exportación operativa;Backend;GET /expedientes;Listar con paginación básica.;src/api/routes/expedientes.ts;LB6-004;PENDIENTE;npm test / npm run e2e / revisión indicada;Respuesta tipada.;Test/documento
LB6-006;LB-6 — API, interfaz, IA integrada y exportación operativa;Backend;GET /expedientes/:id;Consultar expediente.;src/api/routes/expedientes.ts;LB6-004;PENDIENTE;npm test / npm run e2e / revisión indicada;200/404 correctos.;Test/documento
LB6-007;LB-6 — API, interfaz, IA integrada y exportación operativa;Backend;PUT /expedientes/:id;Actualizar con control de versión.;src/api/routes/expedientes.ts;LB6-006;PENDIENTE;npm test / npm run e2e / revisión indicada;Actualización auditada.;Test/documento
LB6-008;LB-6 — API, interfaz, IA integrada y exportación operativa;Backend;DELETE /expedientes/:id;Borrado lógico o política aprobada.;src/api/routes/expedientes.ts;LB6-006;PENDIENTE;npm test / npm run e2e / revisión indicada;Política y auditoría correctas.;Test/documento
LB6-009;LB-6 — API, interfaz, IA integrada y exportación operativa;Backend;POST /expedientes/:id/analyze;Ejecutar motores normativos del alcance.;src/api/routes/analysis.ts;LB4-036, LB6-006;PENDIENTE;npm test / npm run e2e / revisión indicada;Devuelve decisiones explicadas.;Test/documento
LB6-010;LB-6 — API, interfaz, IA integrada y exportación operativa;Backend;POST /expedientes/:id/validate;Validar/modificar/rechazar propuestas.;src/api/routes/decisions.ts;LB6-009;PENDIENTE;npm test / npm run e2e / revisión indicada;Acción humana registrada.;Test/documento
LB6-011;LB-6 — API, interfaz, IA integrada y exportación operativa;Backend;GET decisions/explanations;Consultar decisiones y motivaciones.;src/api/routes/decisions.ts;LB6-010;PENDIENTE;npm test / npm run e2e / revisión indicada;Respuesta con fuentes.;Test/documento
LB6-012;LB-6 — API, interfaz, IA integrada y exportación operativa;Backend;POST /generate;Generar documentos validados.;src/api/routes/documents.ts;LB5-032, LB6-010;PENDIENTE;npm test / npm run e2e / revisión indicada;Devuelve documentos y estado.;Test/documento
LB6-013;LB-6 — API, interfaz, IA integrada y exportación operativa;Backend;POST /export;Exportar formatos reales.;src/api/routes/export.ts;LB5-032, LB6-012;PENDIENTE;npm test / npm run e2e / revisión indicada;Descarga real.;Test/documento
LB6-014;LB-6 — API, interfaz, IA integrada y exportación operativa;Backend;GET /audit;Consultar trazabilidad del expediente.;src/api/routes/audit.ts;LB3-016, LB6-006;PENDIENTE;npm test / npm run e2e / revisión indicada;Secuencia completa.;Test/documento
LB6-015;LB-6 — API, interfaz, IA integrada y exportación operativa;Seguridad;Definir modelo de usuario y roles;"Técnico, administrador y auditor; mínimo privilegio.";"src/domain/security/; docs/security/ROLES.md";LB6-002;PENDIENTE;npm test / npm run e2e / revisión indicada;Permisos documentados.;Test/documento
LB6-016;LB-6 — API, interfaz, IA integrada y exportación operativa;Seguridad;Implementar autenticación piloto;Mecanismo mínimo aprobado para el piloto.;src/api/security/;LB6-015;PENDIENTE;npm test / npm run e2e / revisión indicada;Rutas protegidas.;Test/documento
LB6-017;LB-6 — API, interfaz, IA integrada y exportación operativa;Seguridad;Implementar autorización;Control por acción y expediente.;src/api/security/authorization.ts;LB6-016;PENDIENTE;npm test / npm run e2e / revisión indicada;Tests 401/403/200.;Test/documento
LB6-018;LB-6 — API, interfaz, IA integrada y exportación operativa;Seguridad;Integrar gestión de secretos;Variables de entorno, validación y redacción en logs.;"src/infrastructure/config/SecretsManager.ts; .env.example";LB2-024, LB6-016;PENDIENTE;npm test / npm run e2e / revisión indicada;No hay secretos en repo/logs.;Test/documento
LB6-019;LB-6 — API, interfaz, IA integrada y exportación operativa;IA;Consolidar AIManager y providers;Adaptar ProviderRegistry, ProviderHealth y construcción por DI.;src/infrastructure/ai/;LB2-038, LB6-018;PENDIENTE;npm test / npm run e2e / revisión indicada;AIManager compila y puede usar provider mock.;Test/documento
LB6-020;LB-6 — API, interfaz, IA integrada y exportación operativa;IA;Crear provider mock determinista;Permitir tests sin red ni coste.;src/infrastructure/ai/providers/MockProvider.ts;LB6-019;PENDIENTE;npm test / npm run e2e / revisión indicada;Respuestas reproducibles.;Test/documento
LB6-021;LB-6 — API, interfaz, IA integrada y exportación operativa;IA;Definir prompts versionados;CPV, procedimiento, solvencia, cláusulas, redacción y revisión.;"prompts/; prompts/VERSION.json";LB4-036, LB6-019;PENDIENTE;npm test / npm run e2e / revisión indicada;Prompts trazables.;Test/documento
LB6-022;LB-6 — API, interfaz, IA integrada y exportación operativa;IA;Implementar grounding;Enviar únicamente contexto, reglas y fuentes necesarias.;src/application/ai/GroundedAssistant.ts;LB6-021;PENDIENTE;npm test / npm run e2e / revisión indicada;Respuesta enlaza evidencias.;Test/documento
LB6-023;LB-6 — API, interfaz, IA integrada y exportación operativa;IA;Implementar revisión de respuesta;Detectar fuentes ausentes, afirmaciones no soportadas y formato inválido.;src/application/ai/AIResponseValidator.ts;LB6-022;PENDIENTE;npm test / npm run e2e / revisión indicada;Respuestas no fundamentadas se bloquean.;Test/documento
LB6-024;LB-6 — API, interfaz, IA integrada y exportación operativa;IA;Implementar costes, timeout y fallback;Registrar consumo y degradar a modo determinista.;src/infrastructure/ai/;LB6-019;PENDIENTE;npm test / npm run e2e / revisión indicada;Fallos no bloquean el expediente.;Test/documento
LB6-025;LB-6 — API, interfaz, IA integrada y exportación operativa;Frontend;Seleccionar stack y crear build;Consolidar el esqueleto React y dependencias.;"frontend/package.json; frontend/tsconfig.json";LB6-002;PENDIENTE;npm test / npm run e2e / revisión indicada;Frontend arranca.;Test/documento
LB6-026;LB-6 — API, interfaz, IA integrada y exportación operativa;Frontend;Crear shell y navegación principal;Menú Crear, Consultar, Revisar y Biblioteca.;frontend/src/;LB6-025;PENDIENTE;npm test / npm run e2e / revisión indicada;Navegación operativa.;Test/documento
LB6-027;LB-6 — API, interfaz, IA integrada y exportación operativa;Frontend;Crear wizard: identificación y necesidad;Preguntas mínimas y guardado progresivo.;frontend/src/features/wizard/;LB6-004, LB6-026;PENDIENTE;npm test / npm run e2e / revisión indicada;Crea expediente parcial.;Test/documento
LB6-028;LB-6 — API, interfaz, IA integrada y exportación operativa;Frontend;Crear wizard: objeto, presupuesto y medios;Continuación del formulario guiado.;frontend/src/features/wizard/;LB6-027;PENDIENTE;npm test / npm run e2e / revisión indicada;Datos persistidos.;Test/documento
LB6-029;LB-6 — API, interfaz, IA integrada y exportación operativa;Frontend;Crear pantalla de propuestas;Mostrar decisión, justificación, fuente, confianza y riesgos.;frontend/src/features/decisions/;LB6-009, LB6-028;PENDIENTE;npm test / npm run e2e / revisión indicada;Propuestas legibles.;Test/documento
LB6-030;LB-6 — API, interfaz, IA integrada y exportación operativa;Frontend;Crear validación humana;Botones Validar, Modificar y Rechazar con comentario.;frontend/src/features/decisions/;LB6-010, LB6-029;PENDIENTE;npm test / npm run e2e / revisión indicada;Decisión registrada.;Test/documento
LB6-031;LB-6 — API, interfaz, IA integrada y exportación operativa;Frontend;Crear gestor de expedientes;Listado, búsqueda y apertura.;frontend/src/features/expedientes/;LB6-005, LB6-026;PENDIENTE;npm test / npm run e2e / revisión indicada;Consulta operativa.;Test/documento
LB6-032;LB-6 — API, interfaz, IA integrada y exportación operativa;Frontend;Crear visor documental;Previsualizar estructura y validaciones.;frontend/src/features/documents/;LB6-012, LB6-030;PENDIENTE;npm test / npm run e2e / revisión indicada;Vista de documentos.;Test/documento
LB6-033;LB-6 — API, interfaz, IA integrada y exportación operativa;Frontend;Crear descargas y paquete;Descargar DOCX, PDF y ZIP.;frontend/src/features/export/;LB6-013, LB6-032;PENDIENTE;npm test / npm run e2e / revisión indicada;Descargas válidas.;Test/documento
LB6-034;LB-6 — API, interfaz, IA integrada y exportación operativa;Frontend;Crear visor de auditoría;Mostrar timeline por expediente.;frontend/src/features/audit/;LB6-014, LB6-031;PENDIENTE;npm test / npm run e2e / revisión indicada;Trazabilidad visible.;Test/documento
LB6-035;LB-6 — API, interfaz, IA integrada y exportación operativa;Accesibilidad;Aplicar accesibilidad y lenguaje claro;Teclado, etiquetas, contraste y mensajes comprensibles.;"frontend/src/; tests/accessibility/";LB6-026 a LB6-034;PENDIENTE;npm test / npm run e2e / revisión indicada;Chequeo axe sin incidencias críticas.;Test/documento
LB6-036;LB-6 — API, interfaz, IA integrada y exportación operativa;Integración;Configurar proxy y cliente API tipado;Cliente central y manejo uniforme de errores.;frontend/src/api/;LB6-025, LB6-002;PENDIENTE;npm test / npm run e2e / revisión indicada;Frontend consume API.;Test/documento
LB6-037;LB-6 — API, interfaz, IA integrada y exportación operativa;E2E;Crear prueba navegador del recorrido MVP;Crear, analizar, validar, generar, exportar y consultar.;tests/e2e/mvp.spec.ts;LB6-004 a LB6-036;PENDIENTE;npm test / npm run e2e / revisión indicada;E2E verde.;Test/documento
LB6-038;LB-6 — API, interfaz, IA integrada y exportación operativa;Despliegue;Crear configuración local reproducible;Scripts para iniciar backend y frontend sin instalaciones globales.;"package.json; frontend/package.json; README.md";LB6-037;PENDIENTE;npm test / npm run e2e / revisión indicada;Un comando documentado arranca ambos.;Test/documento
LB6-039;LB-6 — API, interfaz, IA integrada y exportación operativa;Manual;Crear guía de uso del piloto;Explicar recorrido, límites y validación humana.;docs/user/PILOT_GUIDE.md;LB6-037;PENDIENTE;npm test / npm run e2e / revisión indicada;Usuario de prueba puede seguirla.;Test/documento
LB6-040;LB-6 — API, interfaz, IA integrada y exportación operativa;Puerta;Cerrar LB-6;Ejecutar el recorrido completo desde navegador con provider mock y exportaciones reales.;Aplicación integrada;LB6-001 a LB6-039;PENDIENTE;npm run test && npm run e2e;Usuario crea, valida, genera, descarga y consulta el expediente.;Acta de cierre LB-6
LB7-001;LB-7 — Calidad, seguridad, piloto y uso real;QA;Definir estrategia de pruebas;Pirámide unitarias, integración, normativa, documentos y E2E.;docs/qa/TEST_STRATEGY.md;LB6-040;PENDIENTE;Prueba/revisión indicada;Cobertura y responsables definidos.;Test/documento/acta
LB7-002;LB-7 — Calidad, seguridad, piloto y uso real;QA;Establecer umbrales de cobertura;Definir mínimos por módulos críticos.;"vitest.config.ts; docs/qa/";LB7-001;PENDIENTE;Prueba/revisión indicada;CI falla bajo umbral.;Test/documento/acta
LB7-003;LB-7 — Calidad, seguridad, piloto y uso real;QA;Completar unit tests de repositorios;CRUD, errores, concurrencia básica y backups.;tests/unit/repositories/;LB7-001;PENDIENTE;Prueba/revisión indicada;Suite verde.;Test/documento/acta
LB7-004;LB-7 — Calidad, seguridad, piloto y uso real;QA;Completar unit tests de RuleEngine;Prioridad, conflictos, vigencia y evidencia.;tests/unit/rules/;LB4-036, LB7-001;PENDIENTE;Prueba/revisión indicada;Suite verde.;Test/documento/acta
LB7-005;LB-7 — Calidad, seguridad, piloto y uso real;QA;Completar unit tests de CPV;Matching, jerarquía, sinónimos y confianza.;tests/unit/cpv/;LB4-036, LB7-001;PENDIENTE;Prueba/revisión indicada;Suite verde.;Test/documento/acta
LB7-006;LB-7 — Calidad, seguridad, piloto y uso real;QA;Completar unit tests de procedimiento y solvencia;Casos y límites.;tests/unit/legal/;LB4-036, LB7-001;PENDIENTE;Prueba/revisión indicada;Suite verde.;Test/documento/acta
LB7-007;LB-7 — Calidad, seguridad, piloto y uso real;QA;Completar tests de documentos;Estructura, obligatorios, DOCX/PDF/ZIP.;tests/documents/;LB5-032, LB7-001;PENDIENTE;Prueba/revisión indicada;Suite verde.;Test/documento/acta
LB7-008;LB-7 — Calidad, seguridad, piloto y uso real;QA;Completar tests API;DTOs, estados HTTP, errores y autorización.;tests/api/;LB6-040, LB7-001;PENDIENTE;Prueba/revisión indicada;Suite verde.;Test/documento/acta
LB7-009;LB-7 — Calidad, seguridad, piloto y uso real;QA;Completar E2E;Casos feliz, error y recuperación.;tests/e2e/;LB6-040, LB7-001;PENDIENTE;Prueba/revisión indicada;Suite verde.;Test/documento/acta
LB7-010;LB-7 — Calidad, seguridad, piloto y uso real;Normativa;Ejecutar regresión normativa completa;Repetir fixtures tras cualquier cambio.;tests/normative/;LB4-036;PENDIENTE;Prueba/revisión indicada;0 regresiones no aprobadas.;Test/documento/acta
LB7-011;LB-7 — Calidad, seguridad, piloto y uso real;Seguridad;Realizar threat model;Activos, actores, superficies y mitigaciones.;docs/security/THREAT_MODEL.md;LB6-040;PENDIENTE;Prueba/revisión indicada;Riesgos clasificados.;Test/documento/acta
LB7-012;LB-7 — Calidad, seguridad, piloto y uso real;Seguridad;Auditar dependencias;Vulnerabilidades y licencias.;"package.json; package-lock.json";LB7-011;PENDIENTE;Prueba/revisión indicada;0 vulnerabilidades críticas sin plan.;Test/documento/acta
LB7-013;LB-7 — Calidad, seguridad, piloto y uso real;Seguridad;Validar autenticación y autorización;Sesiones, expiración, escalada y acceso horizontal.;tests/security/auth.spec.ts;LB7-011;PENDIENTE;Prueba/revisión indicada;Tests verdes.;Test/documento/acta
LB7-014;LB-7 — Calidad, seguridad, piloto y uso real;Seguridad;Validar inputs y ficheros;Path traversal, nombres, tamaño, tipos y contenido.;tests/security/files.spec.ts;LB7-011;PENDIENTE;Prueba/revisión indicada;Ataques de fixture bloqueados.;Test/documento/acta
LB7-015;LB-7 — Calidad, seguridad, piloto y uso real;Seguridad;Validar secretos y logs;No exponer claves, tokens ni datos sensibles.;tests/security/secrets.spec.ts;LB6-018, LB7-011;PENDIENTE;Prueba/revisión indicada;0 fugas.;Test/documento/acta
LB7-016;LB-7 — Calidad, seguridad, piloto y uso real;Privacidad;Crear inventario de datos personales;Datos, finalidad, ubicación y responsables.;docs/privacy/DATA_INVENTORY.md;LB6-040;PENDIENTE;Prueba/revisión indicada;Inventario completo.;Test/documento/acta
LB7-017;LB-7 — Calidad, seguridad, piloto y uso real;Privacidad;Definir conservación y eliminación;Plazos, borrado y anonimización.;docs/privacy/RETENTION_POLICY.md;LB7-016;PENDIENTE;Prueba/revisión indicada;Política aprobada.;Test/documento/acta
LB7-018;LB-7 — Calidad, seguridad, piloto y uso real;Privacidad;Definir control de acceso y trazabilidad;Acceso a expedientes y logs.;docs/privacy/ACCESS_POLICY.md;LB7-016;PENDIENTE;Prueba/revisión indicada;Política aprobada.;Test/documento/acta
LB7-019;LB-7 — Calidad, seguridad, piloto y uso real;Operación;Implementar backup;Datos, conocimiento, configuración y auditoría.;scripts/backup.mjs;LB6-040;PENDIENTE;Prueba/revisión indicada;Backup verificable.;Test/documento/acta
LB7-020;LB-7 — Calidad, seguridad, piloto y uso real;Operación;Implementar restore;Restauración a entorno limpio.;scripts/restore.mjs;LB7-019;PENDIENTE;Prueba/revisión indicada;Restore reproduce estado.;Test/documento/acta
LB7-021;LB-7 — Calidad, seguridad, piloto y uso real;Operación;Probar integridad post-restore;Checksums y pruebas funcionales.;tests/operations/restore.spec.ts;LB7-020;PENDIENTE;Prueba/revisión indicada;Integridad demostrada.;Test/documento/acta
LB7-022;LB-7 — Calidad, seguridad, piloto y uso real;Operación;Configurar logs y rotación;Niveles, tamaño, conservación y redacción.;"src/infrastructure/logging/; docs/operations/LOGGING.md";LB6-040;PENDIENTE;Prueba/revisión indicada;Logs operativos y controlados.;Test/documento/acta
LB7-023;LB-7 — Calidad, seguridad, piloto y uso real;Operación;Configurar health y diagnóstico;Backend, almacenamiento, conocimiento e IA.;src/api/routes/health.ts;LB6-040;PENDIENTE;Prueba/revisión indicada;Estado observable.;Test/documento/acta
LB7-024;LB-7 — Calidad, seguridad, piloto y uso real;Rendimiento;Definir objetivos de rendimiento;Latencias máximas para operaciones clave.;docs/qa/PERFORMANCE_TARGETS.md;LB6-040;PENDIENTE;Prueba/revisión indicada;Objetivos aprobados.;Test/documento/acta
LB7-025;LB-7 — Calidad, seguridad, piloto y uso real;Rendimiento;Ejecutar pruebas de carga piloto;Usuarios concurrentes y expedientes de muestra.;tests/performance/;LB7-024;PENDIENTE;Prueba/revisión indicada;Cumple objetivos piloto.;Test/documento/acta
LB7-026;LB-7 — Calidad, seguridad, piloto y uso real;Resiliencia;Probar fallos de IA;Timeout, provider caído y respuesta inválida.;tests/resilience/ai.spec.ts;LB6-024;PENDIENTE;Prueba/revisión indicada;Fallback operativo.;Test/documento/acta
LB7-027;LB-7 — Calidad, seguridad, piloto y uso real;Resiliencia;Probar fallos de almacenamiento;Disco no disponible, JSON corrupto y recuperación.;tests/resilience/storage.spec.ts;LB7-019;PENDIENTE;Prueba/revisión indicada;Errores controlados.;Test/documento/acta
LB7-028;LB-7 — Calidad, seguridad, piloto y uso real;Documentación;Crear manual técnico;Arquitectura, instalación, build, pruebas y mantenimiento.;docs/technical/MANUAL_TECNICO.md;LB7-001 a LB7-027;PENDIENTE;Prueba/revisión indicada;Otro técnico puede desplegar.;Test/documento/acta
LB7-029;LB-7 — Calidad, seguridad, piloto y uso real;Documentación;Crear manual de usuario;Crear, consultar, validar, generar y exportar.;docs/user/MANUAL_USUARIO.md;LB6-039;PENDIENTE;Prueba/revisión indicada;Usuario puede operar sin asistencia técnica.;Test/documento/acta
LB7-030;LB-7 — Calidad, seguridad, piloto y uso real;Documentación;Crear manual de administración;Usuarios, roles, backups, logs y actualización normativa.;docs/admin/MANUAL_ADMIN.md;LB7-017 a LB7-023;PENDIENTE;Prueba/revisión indicada;Administrador puede mantener el piloto.;Test/documento/acta
LB7-031;LB-7 — Calidad, seguridad, piloto y uso real;Release;Crear CHANGELOG de V1;Cambios, límites y problemas conocidos.;CHANGELOG.md;LB7-028 a LB7-030;PENDIENTE;Prueba/revisión indicada;Changelog completo.;Test/documento/acta
LB7-032;LB-7 — Calidad, seguridad, piloto y uso real;Release;Versionar 1.0.0-rc.1;Etiquetar candidata reproducible.;"package.json; git tag";LB7-031;PENDIENTE;Prueba/revisión indicada;Build asociado al tag.;Test/documento/acta
LB7-033;LB-7 — Calidad, seguridad, piloto y uso real;Release;Crear paquete desplegable;Backend, frontend, knowledge y documentación.;"dist/; release/";LB7-032;PENDIENTE;Prueba/revisión indicada;Paquete instala en entorno limpio.;Test/documento/acta
LB7-034;LB-7 — Calidad, seguridad, piloto y uso real;Aceptación;Definir plan de piloto;Usuarios, casos, duración, soporte y métricas.;docs/pilot/PILOT_PLAN.md;LB7-033;PENDIENTE;Prueba/revisión indicada;Plan aprobado.;Test/documento/acta
LB7-035;LB-7 — Calidad, seguridad, piloto y uso real;Aceptación;Preparar datos de demostración;Expedientes ficticios sin datos sensibles.;demo-data/;LB7-034;PENDIENTE;Prueba/revisión indicada;Datos validados.;Test/documento/acta
LB7-036;LB-7 — Calidad, seguridad, piloto y uso real;Aceptación;Formar usuarios piloto;Sesión y material formativo.;docs/pilot/TRAINING.md;LB7-029, LB7-034;PENDIENTE;Prueba/revisión indicada;Usuarios completan ejercicio.;Test/documento/acta
LB7-037;LB-7 — Calidad, seguridad, piloto y uso real;Piloto;Ejecutar piloto controlado;Usuarios reales de prueba completan el flujo.;Entorno piloto;LB7-035, LB7-036;PENDIENTE;Prueba/revisión indicada;Casos completados y métricas registradas.;Test/documento/acta
LB7-038;LB-7 — Calidad, seguridad, piloto y uso real;Piloto;Registrar incidencias y feedback;Clasificar bloqueantes, importantes y mejoras.;"docs/pilot/ISSUES.csv; docs/pilot/FEEDBACK.csv";LB7-037;PENDIENTE;Prueba/revisión indicada;Feedback completo.;Test/documento/acta
LB7-039;LB-7 — Calidad, seguridad, piloto y uso real;Piloto;Resolver bloqueantes;Corregir defectos necesarios para aceptación.;Código afectado;LB7-038;PENDIENTE;Prueba/revisión indicada;0 bloqueantes abiertos.;Test/documento/acta
LB7-040;LB-7 — Calidad, seguridad, piloto y uso real;Aceptación;Ejecutar UAT final;Pruebas de aceptación del usuario.;docs/pilot/UAT_REPORT.md;LB7-039;PENDIENTE;Prueba/revisión indicada;UAT aprobada.;Test/documento/acta
LB7-041;LB-7 — Calidad, seguridad, piloto y uso real;Release;Publicar V1.0.0;Build reproducible, tag, manuales y notas.;release/v1.0.0/;LB7-040;PENDIENTE;Prueba/revisión indicada;Release firmada/aprobada.;Test/documento/acta
LB7-042;LB-7 — Calidad, seguridad, piloto y uso real;Uso real;Desplegar en entorno de uso autorizado;Aplicar configuración, usuarios, backup y monitorización.;Entorno objetivo;LB7-041;PENDIENTE;Prueba/revisión indicada;Aplicación accesible y saludable.;Test/documento/acta
LB7-043;LB-7 — Calidad, seguridad, piloto y uso real;Uso real;Ejecutar primer expediente acompañado;Realizar el recorrido con supervisión y sin asumir uso oficial no autorizado.;Registro de operación;LB7-042;PENDIENTE;Prueba/revisión indicada;Recorrido completo y auditado.;Test/documento/acta
LB7-044;LB-7 — Calidad, seguridad, piloto y uso real;Uso real;Establecer soporte y mantenimiento;Canal de incidencias, SLA interno, responsables y calendario normativo.;docs/operations/SUPPORT.md;LB7-043;PENDIENTE;Prueba/revisión indicada;Soporte activo.;Test/documento/acta
LB7-045;LB-7 — Calidad, seguridad, piloto y uso real;Uso real;Establecer revisión postimplantación;Evaluar utilidad, errores, adopción y siguiente versión.;docs/operations/POST_IMPLEMENTATION_REVIEW.md;LB7-044;PENDIENTE;Prueba/revisión indicada;Revisión fechada y acciones aprobadas.;Test/documento/acta
LB7-046;LB-7 — Calidad, seguridad, piloto y uso real;Puerta;Cerrar LB-7 y declarar V1 operativa;Confirmar QA, seguridad, privacidad, piloto, UAT, release, despliegue y primer uso acompañado.;Proyecto y entorno objetivo;LB7-001 a LB7-045;PENDIENTE;Checklist de release y acta de aceptación;V1.0 reproducible, aceptada, desplegada y utilizada conforme al alcance autorizado.;Acta final
